trueblue2704,1461178015.0
trueblue2704,1461177906.0
trueblue2704,1460922059.0
cleebp,1460574285.0
cleebp,1460574155.0
cleebp,1459975358.0
cleebp,1459974163.0
cleebp,1459871640.0
cleebp,1459788419.0
cleebp,1459788058.0
effat,1459186206.0
trueblue2704,1459183681.0
trueblue2704,1459092410.0
cleebp,1458845991.0
cleebp,1458844890.0
trueblue2704,1458788311.0
trueblue2704,1458788141.0
trueblue2704,1458787986.0
trueblue2704,1458787833.0
trueblue2704,1458787786.0
cleebp,1458760356.0
reachspirit,1458759913.0
cleebp,1458759011.0
cleebp,1458746355.0
cleebp,1458744758.0
cleebp,1458694781.0
trueblue2704,1457920819.0
trueblue2704,1457920414.0
trueblue2704,1457919219.0
trueblue2704,1457919129.0
trueblue2704,1457027175.0
trueblue2704,1457027092.0
trueblue2704,1457026958.0
cleebp,1456951475.0
trueblue2704,1456947910.0
reachspirit,1456947125.0
cleebp,1456946530.0
trueblue2704,1456946190.0
cleebp,1456945976.0
cleebp,1456945837.0
effat,1456945599.0
effat,1456945496.0
cleebp,1456945216.0
effat,1456931277.0
effat,1456931249.0
trueblue2704,1456890659.0
trueblue2704,1456867020.0
cleebp,1456854670.0
cleebp,1456853599.0
cleebp,1456851375.0
effat,1456808351.0
effat,1456806595.0
effat,1456806566.0
effat,1456804500.0
effat,1456804389.0
effat,1456804291.0
trueblue2704,1456803817.0
trueblue2704,1456803435.0
reachspirit,1456799149.0
